Data_dir,Image_id
CVC-ClinicDB,467.png
CVC-ClinicDB,396.png
CVC-ClinicDB,126.png
CVC-ClinicDB,518.png
CVC-ClinicDB,303.png
CVC-ClinicDB,275.png
CVC-ClinicDB,413.png
CVC-ClinicDB,112.png
CVC-ClinicDB,576.png
CVC-ClinicDB,279.png
CVC-ClinicDB,462.png
CVC-ClinicDB,456.png
CVC-ClinicDB,537.png
CVC-ClinicDB,367.png
CVC-ClinicDB,21.png
CVC-ClinicDB,221.png
CVC-ClinicDB,41.png
CVC-ClinicDB,163.png
CVC-ClinicDB,489.png
CVC-ClinicDB,534.png
CVC-ClinicDB,352.png
CVC-ClinicDB,9.png
CVC-ClinicDB,542.png
CVC-ClinicDB,599.png
CVC-ClinicDB,36.png
CVC-ClinicDB,267.png
CVC-ClinicDB,482.png
CVC-ClinicDB,488.png
CVC-ClinicDB,265.png
CVC-ClinicDB,52.png
CVC-ClinicDB,55.png
CVC-ClinicDB,33.png
CVC-ClinicDB,547.png
CVC-ClinicDB,125.png
CVC-ClinicDB,74.png
CVC-ClinicDB,314.png
CVC-ClinicDB,64.png
CVC-ClinicDB,31.png
CVC-ClinicDB,155.png
CVC-ClinicDB,594.png
CVC-ClinicDB,194.png
CVC-ClinicDB,152.png
CVC-ClinicDB,244.png
CVC-ClinicDB,503.png
CVC-ClinicDB,565.png
CVC-ClinicDB,175.png
CVC-ClinicDB,132.png
CVC-ClinicDB,113.png
CVC-ClinicDB,61.png
CVC-ClinicDB,222.png
CVC-ClinicDB,562.png
CVC-ClinicDB,452.png
CVC-ClinicDB,250.png
CVC-ClinicDB,56.png
CVC-ClinicDB,471.png
CVC-ClinicDB,570.png
CVC-ClinicDB,385.png
CVC-ClinicDB,238.png
CVC-ClinicDB,15.png
CVC-ClinicDB,524.png
CVC-ClinicDB,80.png
CVC-ClinicDB,197.png
CVC-ClinicDB,445.png
CVC-ClinicDB,597.png
CVC-ClinicDB,185.png
CVC-ClinicDB,293.png
CVC-ClinicDB,315.png
CVC-ClinicDB,457.png
CVC-ClinicDB,610.png
CVC-ClinicDB,223.png
CVC-ClinicDB,217.png
CVC-ClinicDB,78.png
CVC-ClinicDB,341.png
CVC-ClinicDB,109.png
CVC-ClinicDB,498.png
CVC-ClinicDB,123.png
CVC-ClinicDB,239.png
CVC-ClinicDB,13.png
CVC-ClinicDB,220.png
CVC-ClinicDB,157.png
CVC-ClinicDB,62.png
CVC-ClinicDB,255.png
CVC-ClinicDB,454.png
CVC-ClinicDB,399.png
CVC-ClinicDB,552.png
CVC-ClinicDB,354.png
CVC-ClinicDB,296.png
CVC-ClinicDB,19.png
CVC-ClinicDB,347.png
CVC-ClinicDB,533.png
CVC-ClinicDB,461.png
CVC-ClinicDB,473.png
CVC-ClinicDB,10.png
CVC-ClinicDB,213.png
CVC-ClinicDB,94.png
CVC-ClinicDB,345.png
CVC-ClinicDB,110.png
CVC-ClinicDB,406.png
CVC-ClinicDB,208.png
CVC-ClinicDB,331.png
CVC-ClinicDB,161.png
CVC-ClinicDB,561.png
CVC-ClinicDB,421.png
CVC-ClinicDB,484.png
CVC-ClinicDB,560.png
CVC-ClinicDB,177.png
CVC-ClinicDB,389.png
CVC-ClinicDB,487.png
CVC-ClinicDB,49.png
CVC-ClinicDB,386.png
CVC-ClinicDB,591.png
CVC-ClinicDB,233.png
CVC-ClinicDB,521.png
CVC-ClinicDB,567.png
CVC-ClinicDB,186.png
CVC-ClinicDB,603.png
CVC-ClinicDB,145.png
CVC-ClinicDB,66.png
CVC-ClinicDB,522.png
CVC-ClinicDB,88.png
CVC-ClinicDB,162.png
CVC-ClinicDB,85.png
CVC-ClinicDB,117.png
CVC-ClinicDB,313.png
CVC-ClinicDB,16.png
CVC-ClinicDB,306.png
CVC-ClinicDB,569.png
CVC-ClinicDB,525.png
CVC-ClinicDB,247.png
CVC-ClinicDB,575.png
CVC-ClinicDB,455.png
CVC-ClinicDB,4.png
CVC-ClinicDB,237.png
CVC-ClinicDB,447.png
CVC-ClinicDB,397.png
CVC-ClinicDB,172.png
CVC-ClinicDB,205.png
CVC-ClinicDB,580.png
CVC-ClinicDB,304.png
CVC-ClinicDB,564.png
CVC-ClinicDB,57.png
CVC-ClinicDB,501.png
CVC-ClinicDB,273.png
CVC-ClinicDB,479.png
CVC-ClinicDB,443.png
CVC-ClinicDB,545.png
CVC-ClinicDB,453.png
CVC-ClinicDB,373.png
CVC-ClinicDB,604.png
CVC-ClinicDB,319.png
CVC-ClinicDB,370.png
CVC-ClinicDB,156.png
CVC-ClinicDB,305.png
CVC-ClinicDB,476.png
CVC-ClinicDB,97.png
CVC-ClinicDB,14.png
CVC-ClinicDB,134.png
CVC-ClinicDB,307.png
CVC-ClinicDB,282.png
CVC-ClinicDB,593.png
CVC-ClinicDB,549.png
CVC-ClinicDB,415.png
CVC-ClinicDB,369.png
CVC-ClinicDB,474.png
CVC-ClinicDB,566.png
CVC-ClinicDB,130.png
CVC-ClinicDB,256.png
CVC-ClinicDB,548.png
CVC-ClinicDB,587.png
CVC-ClinicDB,553.png
CVC-ClinicDB,210.png
CVC-ClinicDB,539.png
CVC-ClinicDB,573.png
CVC-ClinicDB,95.png
CVC-ClinicDB,216.png
CVC-ClinicDB,572.png
CVC-ClinicDB,287.png
CVC-ClinicDB,101.png
CVC-ClinicDB,408.png
CVC-ClinicDB,589.png
CVC-ClinicDB,502.png
CVC-ClinicDB,18.png
CVC-ClinicDB,417.png
CVC-ClinicDB,37.png
CVC-ClinicDB,436.png
CVC-ClinicDB,339.png
CVC-ClinicDB,196.png
CVC-ClinicDB,520.png
CVC-ClinicDB,393.png
CVC-ClinicDB,2.png
CVC-ClinicDB,29.png
CVC-ClinicDB,361.png
CVC-ClinicDB,403.png
CVC-ClinicDB,201.png
CVC-ClinicDB,252.png
CVC-ClinicDB,463.png
CVC-ClinicDB,423.png
CVC-ClinicDB,320.png
CVC-ClinicDB,388.png
CVC-ClinicDB,554.png
CVC-ClinicDB,278.png
CVC-ClinicDB,131.png
CVC-ClinicDB,153.png
CVC-ClinicDB,432.png
CVC-ClinicDB,6.png
CVC-ClinicDB,32.png
CVC-ClinicDB,590.png
CVC-ClinicDB,442.png
CVC-ClinicDB,189.png
CVC-ClinicDB,246.png
CVC-ClinicDB,180.png
CVC-ClinicDB,511.png
CVC-ClinicDB,440.png
CVC-ClinicDB,215.png
CVC-ClinicDB,119.png
CVC-ClinicDB,563.png
CVC-ClinicDB,483.png
CVC-ClinicDB,606.png
CVC-ClinicDB,512.png
CVC-ClinicDB,519.png
CVC-ClinicDB,24.png
CVC-ClinicDB,129.png
CVC-ClinicDB,316.png
CVC-ClinicDB,372.png
CVC-ClinicDB,251.png
CVC-ClinicDB,264.png
CVC-ClinicDB,441.png
CVC-ClinicDB,198.png
CVC-ClinicDB,402.png
CVC-ClinicDB,379.png
CVC-ClinicDB,92.png
CVC-ClinicDB,271.png
CVC-ClinicDB,108.png
CVC-ClinicDB,103.png
CVC-ClinicDB,517.png
CVC-ClinicDB,38.png
CVC-ClinicDB,79.png
CVC-ClinicDB,230.png
CVC-ClinicDB,127.png
CVC-ClinicDB,248.png
CVC-ClinicDB,281.png
CVC-ClinicDB,558.png
CVC-ClinicDB,69.png
CVC-ClinicDB,288.png
CVC-ClinicDB,555.png
CVC-ClinicDB,299.png
CVC-ClinicDB,59.png
CVC-ClinicDB,336.png
CVC-ClinicDB,142.png
CVC-ClinicDB,508.png
CVC-ClinicDB,90.png
CVC-ClinicDB,344.png
CVC-ClinicDB,128.png
CVC-ClinicDB,550.png
CVC-ClinicDB,7.png
CVC-ClinicDB,378.png
CVC-ClinicDB,277.png
CVC-ClinicDB,164.png
CVC-ClinicDB,475.png
CVC-ClinicDB,409.png
CVC-ClinicDB,228.png
CVC-ClinicDB,434.png
CVC-ClinicDB,420.png
CVC-ClinicDB,438.png
CVC-ClinicDB,450.png
CVC-ClinicDB,137.png
CVC-ClinicDB,531.png
CVC-ClinicDB,184.png
CVC-ClinicDB,71.png
CVC-ClinicDB,283.png
CVC-ClinicDB,382.png
CVC-ClinicDB,349.png
CVC-ClinicDB,515.png
CVC-ClinicDB,190.png
CVC-ClinicDB,376.png
CVC-ClinicDB,149.png
CVC-ClinicDB,106.png
CVC-ClinicDB,193.png
CVC-ClinicDB,28.png
CVC-ClinicDB,312.png
CVC-ClinicDB,266.png
CVC-ClinicDB,135.png
CVC-ClinicDB,583.png
CVC-ClinicDB,485.png
CVC-ClinicDB,612.png
CVC-ClinicDB,235.png
CVC-ClinicDB,191.png
CVC-ClinicDB,143.png
CVC-ClinicDB,207.png
CVC-ClinicDB,391.png
CVC-ClinicDB,338.png
CVC-ClinicDB,44.png
CVC-ClinicDB,211.png
CVC-ClinicDB,334.png
CVC-ClinicDB,333.png
CVC-ClinicDB,58.png
CVC-ClinicDB,260.png
CVC-ClinicDB,60.png
CVC-ClinicDB,340.png
CVC-ClinicDB,608.png
CVC-ClinicDB,1.png
CVC-ClinicDB,329.png
CVC-ClinicDB,470.png
CVC-ClinicDB,168.png
CVC-ClinicDB,355.png
CVC-ClinicDB,375.png
CVC-ClinicDB,166.png
CVC-ClinicDB,359.png
CVC-ClinicDB,245.png
CVC-ClinicDB,118.png
CVC-ClinicDB,412.png
CVC-ClinicDB,451.png
CVC-ClinicDB,543.png
CVC-ClinicDB,584.png
CVC-ClinicDB,466.png
CVC-ClinicDB,144.png
CVC-ClinicDB,582.png
CVC-ClinicDB,358.png
CVC-ClinicDB,111.png
CVC-ClinicDB,170.png
CVC-ClinicDB,147.png
CVC-ClinicDB,574.png
CVC-ClinicDB,598.png
CVC-ClinicDB,380.png
CVC-ClinicDB,72.png
CVC-ClinicDB,605.png
CVC-ClinicDB,541.png
CVC-ClinicDB,167.png
CVC-ClinicDB,199.png
CVC-ClinicDB,592.png
CVC-ClinicDB,429.png
CVC-ClinicDB,8.png
CVC-ClinicDB,343.png
CVC-ClinicDB,107.png
CVC-ClinicDB,577.png
CVC-ClinicDB,532.png
CVC-ClinicDB,133.png
CVC-ClinicDB,301.png
CVC-ClinicDB,242.png
CVC-ClinicDB,20.png
CVC-ClinicDB,374.png
CVC-ClinicDB,138.png
CVC-ClinicDB,407.png
CVC-ClinicDB,395.png
CVC-ClinicDB,3.png
CVC-ClinicDB,146.png
CVC-ClinicDB,159.png
CVC-ClinicDB,400.png
CVC-ClinicDB,317.png
CVC-ClinicDB,174.png
CVC-ClinicDB,424.png
CVC-ClinicDB,226.png
CVC-ClinicDB,294.png
CVC-ClinicDB,458.png
CVC-ClinicDB,243.png
CVC-ClinicDB,258.png
CVC-ClinicDB,446.png
CVC-ClinicDB,295.png
CVC-ClinicDB,544.png
CVC-ClinicDB,234.png
CVC-ClinicDB,360.png
CVC-ClinicDB,169.png
CVC-ClinicDB,392.png
CVC-ClinicDB,426.png
CVC-ClinicDB,179.png
CVC-ClinicDB,253.png
CVC-ClinicDB,192.png
CVC-ClinicDB,366.png
CVC-ClinicDB,337.png
CVC-ClinicDB,121.png
CVC-ClinicDB,530.png
CVC-ClinicDB,40.png
CVC-ClinicDB,431.png
CVC-ClinicDB,105.png
CVC-ClinicDB,302.png
CVC-ClinicDB,225.png
CVC-ClinicDB,262.png
CVC-ClinicDB,611.png
CVC-ClinicDB,500.png
CVC-ClinicDB,171.png
CVC-ClinicDB,286.png
CVC-ClinicDB,444.png
CVC-ClinicDB,439.png
CVC-ClinicDB,53.png
CVC-ClinicDB,139.png
CVC-ClinicDB,268.png
CVC-ClinicDB,274.png
CVC-ClinicDB,195.png
CVC-ClinicDB,249.png
CVC-ClinicDB,357.png
CVC-ClinicDB,365.png
CVC-ClinicDB,276.png
CVC-ClinicDB,585.png
CVC-ClinicDB,422.png
CVC-ClinicDB,280.png
CVC-ClinicDB,509.png
CVC-ClinicDB,272.png
CVC-ClinicDB,30.png
CVC-ClinicDB,86.png
CVC-ClinicDB,76.png
CVC-ClinicDB,578.png
CVC-ClinicDB,448.png
CVC-ClinicDB,394.png
CVC-ClinicDB,328.png
CVC-ClinicDB,499.png
CVC-ClinicDB,602.png
CVC-ClinicDB,459.png
CVC-ClinicDB,536.png
CVC-ClinicDB,504.png
CVC-ClinicDB,387.png
CVC-ClinicDB,478.png
CVC-ClinicDB,200.png
CVC-ClinicDB,557.png
CVC-ClinicDB,492.png
CVC-ClinicDB,510.png
CVC-ClinicDB,214.png
CVC-ClinicDB,124.png
CVC-ClinicDB,261.png
CVC-ClinicDB,158.png
CVC-ClinicDB,535.png
CVC-ClinicDB,325.png
CVC-ClinicDB,362.png
CVC-ClinicDB,322.png
CVC-ClinicDB,494.png
CVC-ClinicDB,236.png
CVC-ClinicDB,83.png
CVC-ClinicDB,63.png
CVC-ClinicDB,224.png
CVC-ClinicDB,50.png
CVC-ClinicDB,383.png
CVC-ClinicDB,308.png
CVC-ClinicDB,291.png
CVC-ClinicDB,327.png
CVC-ClinicDB,34.png
CVC-ClinicDB,218.png
CVC-ClinicDB,516.png
CVC-ClinicDB,82.png
CVC-ClinicDB,42.png
CVC-ClinicDB,469.png
CVC-ClinicDB,514.png
CVC-ClinicDB,43.png
CVC-ClinicDB,96.png
CVC-ClinicDB,540.png
CVC-ClinicDB,77.png
CVC-ClinicDB,93.png
CVC-ClinicDB,298.png
CVC-ClinicDB,321.png
CVC-ClinicDB,581.png
CVC-ClinicDB,384.png
CVC-ClinicDB,311.png
CVC-ClinicDB,363.png
CVC-ClinicDB,232.png
CVC-ClinicDB,300.png
CVC-ClinicDB,318.png
CVC-ClinicDB,472.png
CVC-ClinicDB,51.png
CVC-ClinicDB,310.png
CVC-ClinicDB,46.png
CVC-ClinicDB,600.png
CVC-ClinicDB,430.png
CVC-ClinicDB,427.png
CVC-ClinicDB,285.png
CVC-ClinicDB,68.png
CVC-ClinicDB,212.png
CVC-ClinicDB,67.png
CVC-ClinicDB,556.png
CVC-ClinicDB,364.png
CVC-ClinicDB,115.png
CVC-ClinicDB,104.png
CVC-ClinicDB,356.png
CVC-ClinicDB,22.png
CVC-ClinicDB,353.png
CVC-ClinicDB,136.png
CVC-ClinicDB,75.png
CVC-ClinicDB,433.png
CVC-ClinicDB,477.png
CVC-ClinicDB,182.png
CVC-ClinicDB,481.png
CVC-ClinicDB,231.png
CVC-ClinicDB,219.png
CVC-ClinicDB,586.png
CVC-ClinicDB,490.png
CVC-ClinicDB,297.png
CVC-ClinicDB,529.png
CVC-ClinicDB,48.png
CVC-ClinicDB,284.png
CVC-ClinicDB,425.png
CVC-ClinicDB,99.png
CVC-ClinicDB,140.png
Kvasir-SEG,cju2z45kuzf6d0988nz2c819m.jpg
Kvasir-SEG,cju5y4hgqmk0i08180rjhbwvp.jpg
Kvasir-SEG,cju7d8m3b2e210755l8fj1yph.jpg
Kvasir-SEG,cju884985nlmx0817vzpax3y4.jpg
Kvasir-SEG,cju88k75inzyb0850ccv5x3vk.jpg
Kvasir-SEG,cju1cvkfwqrec0993wbp1jlzm.jpg
Kvasir-SEG,cju76l27oyrw907551ri2a7fl.jpg
Kvasir-SEG,cju7ey10f2rvf0871bwbi9x82.jpg
Kvasir-SEG,cju2htabevq9108015qjei0x7.jpg
Kvasir-SEG,cju2z6ez69g4u0801qwt088lw.jpg
Kvasir-SEG,cju7ea4om2l910801bohqjccy.jpg
Kvasir-SEG,cju17z0qongpa0993de4boim4.jpg
Kvasir-SEG,cju7emdni2py40871ivhxjtut.jpg
Kvasir-SEG,cju857ad0l88m0817qx4cwxnf.jpg
Kvasir-SEG,cju30nyxe0gfb0835p256yoju.jpg
Kvasir-SEG,cju40sdwukv3k0755y99ug1k8.jpg
Kvasir-SEG,cju32zhbnc1oy0801iyv1ix6p.jpg
Kvasir-SEG,cju3xuj20ivgp0818mij8bjrd.jpg
Kvasir-SEG,cju7787c5yy3l080159mwqsnj.jpg
Kvasir-SEG,cju171py4qiha0835u8sl59ds.jpg
Kvasir-SEG,cju1b0y2e396p08558ois175d.jpg
Kvasir-SEG,cju35a77vdj4n08556jj2lgmc.jpg
Kvasir-SEG,cju8b8yair65w09878pyqtr96.jpg
Kvasir-SEG,cju7csvlb22fr0850lvm45n3x.jpg
Kvasir-SEG,cju7f0ec32txj08184asb8w5f.jpg
Kvasir-SEG,cju418rckl3ur08012psrx1r1.jpg
Kvasir-SEG,cju2iatlki5u309930zmgkv6h.jpg
Kvasir-SEG,cju30ftgja7170855xl9bkdm0.jpg
Kvasir-SEG,cju1bm8063nmh07996rsjjemq.jpg
Kvasir-SEG,ck2bxknhjvs1x0794iogrq49k.jpg
Kvasir-SEG,cju0u2g7pmnux0801vkk47ivj.jpg
Kvasir-SEG,cju2r7h21sj9608354gzks3ae.jpg
Kvasir-SEG,cju42tauqlo5p08171l3cuo4b.jpg
Kvasir-SEG,cju8c1a0ws7o208181c6lbsom.jpg
Kvasir-SEG,cju7bfx651qr80801cs7epotb.jpg
Kvasir-SEG,cju40w3hbkwpn08015rbs3wko.jpg
Kvasir-SEG,cju33qpdvc9g0087825jhf3s9.jpg
Kvasir-SEG,cju2lz8vqktne0993fuym6drw.jpg
Kvasir-SEG,cju43jcqim2cp08172dvjvyui.jpg
Kvasir-SEG,cju5c5xc7algd0817pb1ej5yo.jpg
Kvasir-SEG,cju6v3bb2v7xo085090blubyw.jpg
Kvasir-SEG,cju7dtb1e2j0t0818deq51ib3.jpg
Kvasir-SEG,cju43mkj9m8wb0871qiadahub.jpg
Kvasir-SEG,cju16jgnyzp970878melv7r25.jpg
Kvasir-SEG,cju2ma647l0nj0993ot4deq2q.jpg
Kvasir-SEG,cju3tp94kfstl08181awh6z49.jpg
Kvasir-SEG,cju2pmhtr17a00855cvpelzb0.jpg
Kvasir-SEG,cjyzul1qggwwj07216mhiv5sy.jpg
Kvasir-SEG,cju85bf1algsq0871y9gtlq97.jpg
Kvasir-SEG,cju2ij9uiic2l09933ljiv6gm.jpg
Kvasir-SEG,cju2nyc5f02m40801ojqbtiea.jpg
Kvasir-SEG,cju0sxqiclckk08551ycbwhno.jpg
Kvasir-SEG,cju7ap09p1kz10850ldccjebj.jpg
Kvasir-SEG,cju5y7buemcw80987p0r30g9f.jpg
Kvasir-SEG,cju7dbppn28nx085097654msi.jpg
Kvasir-SEG,cju15l5ubz9yh0855b3ivdpse.jpg
Kvasir-SEG,cju5xjn5mm78b09871spyqhhr.jpg
Kvasir-SEG,cju7dvl5m2n4t0755hlnnjjet.jpg
Kvasir-SEG,cju2zwg05a0oy0801yr73ig7g.jpg
Kvasir-SEG,cju7agj961l2r0818z29iq8yn.jpg
Kvasir-SEG,cju1egx9pvz2n0988eoy8jp23.jpg
Kvasir-SEG,cju35ldepdtlm0801yv79y8vu.jpg
Kvasir-SEG,cju88aq6vo1ij0755c2ey7z7n.jpg
Kvasir-SEG,cju2mh8t6p07008350e01tx2a.jpg
Kvasir-SEG,cju2p4ddkmzxj0993p94o62av.jpg
Kvasir-SEG,cju3ul8dogf1z09872y2ecowp.jpg
Kvasir-SEG,cju8auylgqx0z0871u4o4db7o.jpg
Kvasir-SEG,cju7ctvqn25dy08186g442m1r.jpg
Kvasir-SEG,cju1ddr6p4k5z08780uuuzit2.jpg
Kvasir-SEG,cju2hugv9vget0799hhk7ksvg.jpg
Kvasir-SEG,cju8ashhnquqr0801rwduzt7d.jpg
Kvasir-SEG,cju87kbcen2av0987usezo8kn.jpg
Kvasir-SEG,cju6wt9jvvn500871hjn3t3g0.jpg
Kvasir-SEG,cju33mirdc8mj0799k33wzoes.jpg
Kvasir-SEG,cju3xzvnzj0hd0755xprz39nj.jpg
Kvasir-SEG,cju2srvy5440s0801y1ba9akr.jpg
Kvasir-SEG,cju3uhb79gcgr0871orbrbi3x.jpg
Kvasir-SEG,cju15jr8jz8sb0855ukmkswkz.jpg
Kvasir-SEG,cju32upim1z7u0988l883nqp6.jpg
Kvasir-SEG,cju2t9tdwuk700835kv0ljmtl.jpg
Kvasir-SEG,cju32phw2bv130801yj7bkouq.jpg
Kvasir-SEG,cju6ur9l9v9jq0755paud9uka.jpg
Kvasir-SEG,cju2ouil2mssu0993hvxsed6d.jpg
Kvasir-SEG,cju42u5bjlvi10801dc13sskp.jpg
Kvasir-SEG,cju5hi52odyf90817prvcwg45.jpg
Kvasir-SEG,cju3yb47cj1xq0817zfotbni4.jpg
Kvasir-SEG,cju7b9vcs1luz0987ta60j1dy.jpg
Kvasir-SEG,cju77b3wyz4160755qis4ljsb.jpg
Kvasir-SEG,cju7cq6su27qv075574dir0r3.jpg
Kvasir-SEG,cju7b4mtw1n9n080186209f3d.jpg
Kvasir-SEG,cju34eqjpcpm508788b3lhp97.jpg
Kvasir-SEG,cju77j66ez52p08019xygi0co.jpg
Kvasir-SEG,cju2zr3c3vwb00993jn06bbaz.jpg
Kvasir-SEG,cju330ofbc2l30801th5g3hw6.jpg
Kvasir-SEG,cju160wshltz10993i1gmqxbe.jpg
Kvasir-SEG,cju5g163vd6mt0817uccuga6u.jpg
Kvasir-SEG,cju5vcmrqla7i0817x4sp4pqw.jpg
Kvasir-SEG,cju1h5w4wxajx0835mc954kxy.jpg
Kvasir-SEG,cju7fd6yt2p740987wkr8exo1.jpg
Kvasir-SEG,cju7b5afm1nfw0801xqm8bf8q.jpg
Kvasir-SEG,cju77idwfz36d0871tzfzz51i.jpg
Kvasir-SEG,cju2s2527pfyr0993l3h1149a.jpg
Kvasir-SEG,cju1hirfi7ekp0855q0vgm9qq.jpg
Kvasir-SEG,cju1hhj6mxfp90835n3wofrap.jpg
Kvasir-SEG,cju5bbtwsa8cl0987wgfsqpao.jpg
Kvasir-SEG,cju77196iyshb0850ycbto50a.jpg
Kvasir-SEG,cju2wzu8wxtgu09880ku9x1pg.jpg
Kvasir-SEG,cju5boicjagt20871b1fotkh4.jpg
Kvasir-SEG,cju88t4fvokxf07558ymyh281.jpg
Kvasir-SEG,cju5x15djm7ae0755h8czf6nt.jpg
Kvasir-SEG,cju320gyvbch60801v2amdi2g.jpg
Kvasir-SEG,cju1djtprvd7b0988thwwrg09.jpg
Kvasir-SEG,cju2sszfq3uye0878sucelzk2.jpg
Kvasir-SEG,cju8d2q30tfhs0801n7lx77xl.jpg
Kvasir-SEG,cju5buy2bal250818ipl6fqwv.jpg
Kvasir-SEG,cju2uwz9f5yf1085506cfamfx.jpg
Kvasir-SEG,cju88cddensj00987788yotmg.jpg
Kvasir-SEG,cju17g6ykn1cs0993dww6qdi8.jpg
Kvasir-SEG,cju84jdl9kv0i0871eog9b3i9.jpg
Kvasir-SEG,cju357rxxdaz30878y2esjpjt.jpg
Kvasir-SEG,cju33za6l2qy70988jhrlp2ev.jpg
Kvasir-SEG,cju85fc11ljr40818edpb0inh.jpg
Kvasir-SEG,cju0qx73cjw570799j4n5cjze.jpg
Kvasir-SEG,cju2uzabhs6er0993x3aaf87p.jpg
Kvasir-SEG,cju8bm24yrrdp081829mbo8ic.jpg
Kvasir-SEG,cju1b3zgj3d8e0801kpolea6c.jpg
Kvasir-SEG,cju13fwthn9mq0835gacxgy01.jpg
Kvasir-SEG,cju7dhpsc2dnn0818025m6857.jpg
Kvasir-SEG,cju2m71z2ywwv080131bcrsd3.jpg
Kvasir-SEG,cju843yjskhq30818qre4rwm2.jpg
Kvasir-SEG,cju34ouumcznz07996gg1xq7v.jpg
Kvasir-SEG,cju35eg0tdmjt085525sb4bua.jpg
Kvasir-SEG,ck2bxw18mmz1k0725litqq2mc.jpg
Kvasir-SEG,cju5xneamme2p0801qdf7fdwv.jpg
Kvasir-SEG,cju2upu4evw7g08358guwozxv.jpg
Kvasir-SEG,cju8dic9mtppa0987swn23wbc.jpg
Kvasir-SEG,cju45t5ddnbio0987qtqzx762.jpg
Kvasir-SEG,cju5es375cnzy0801nkq35ffs.jpg
Kvasir-SEG,cju34m7h536wq0988xz7gx79v.jpg
Kvasir-SEG,cju17v6ih0u7808783zcbg1jy.jpg
Kvasir-SEG,cju77afzlz3kp07550x5nafzs.jpg
Kvasir-SEG,cju3v0fl3gwce0755qkjhzmd4.jpg
Kvasir-SEG,cju772304yw5t0818vbw8kkjf.jpg
Kvasir-SEG,cju326h4v1gxw08352px40p7r.jpg
Kvasir-SEG,cju2r11x7sdgx0988o8ule0wl.jpg
Kvasir-SEG,cju2zjcvj9qma0801dk71hhi0.jpg
Kvasir-SEG,cju8402x1kcy70801t6kz6bdi.jpg
Kvasir-SEG,cju14g8o4xui30878gkgbrvqj.jpg
Kvasir-SEG,cju2ntxtdzlvu0799xl3j9pan.jpg
Kvasir-SEG,cju8cj10qsrau0871o2dr6ai1.jpg
Kvasir-SEG,cju2qfie4rvz508357kad9z5o.jpg
Kvasir-SEG,cju5c7oijaqmq09878qwgqv8n.jpg
Kvasir-SEG,cju7bduyq1rjf08719giru9ho.jpg
Kvasir-SEG,cju2ycp1u8g2r0799jslnp7cz.jpg
Kvasir-SEG,cju2qs32r1vys07999conmbvx.jpg
Kvasir-SEG,cju45v0pungu40871acnwtmu5.jpg
Kvasir-SEG,cju5bmhdcafs909878qfzrqzi.jpg
Kvasir-SEG,cju7dmlgf2ebw0871ieqas5fh.jpg
Kvasir-SEG,cjyzkmjy8evns070165gf9dmq.jpg
Kvasir-SEG,cju7dymur2od30755eg8yv2ht.jpg
Kvasir-SEG,cju5ufn3skquf0818dhapnhba.jpg
Kvasir-SEG,cju7d7tly27h408016fyp5nr7.jpg
Kvasir-SEG,cju3280wv1ir009882jze27tc.jpg
Kvasir-SEG,cju35740hzm0g0993zl5ic246.jpg
Kvasir-SEG,cju16ach3m1da0993r1dq3sn2.jpg
Kvasir-SEG,cju3y54kwj3nr0801biidlb4e.jpg
Kvasir-SEG,cju2uokeg5jm20799xwgsyz89.jpg
Kvasir-SEG,cju15ptjtppz40988odsm9azx.jpg
Kvasir-SEG,cju8b1v3br45u087189kku66u.jpg
Kvasir-SEG,cju7dz5yy2i7z0801ausi7rna.jpg
Kvasir-SEG,cju8b2rmgr52s0801p54eyflx.jpg
Kvasir-SEG,cju2zblxw9848087853csbrx1.jpg
Kvasir-SEG,cju5eyfe9cpk90987laa7tsl3.jpg
Kvasir-SEG,cju2wve9v7esz0878mxsdcy04.jpg
Kvasir-SEG,cju31y80qbawn0801twwm2l5s.jpg
Kvasir-SEG,cju5fw37edaae0801vkwvocn7.jpg
Kvasir-SEG,cju7ahtkb1jr90801jck4kbds.jpg
Kvasir-SEG,cju8azmhcr66e0755t61atz72.jpg
Kvasir-SEG,cju2pag1f0s4r0878h52uq83s.jpg
Kvasir-SEG,cju5u4pywk81x0817vn9pe14z.jpg
Kvasir-SEG,cju88msmoo3470817m441j4sg.jpg
Kvasir-SEG,cju2nbdpmlmcj0993s1cht0dz.jpg
Kvasir-SEG,cju6vucxvvlda0755j7msqnya.jpg
Kvasir-SEG,cju1d50a94qf50855wsowacrc.jpg
Kvasir-SEG,ck2bxskgxxzfv08386xkqtqdy.jpg
Kvasir-SEG,cju83kxitjv340987z09m0ezy.jpg
Kvasir-SEG,cju32l161bi1v07990vm376in.jpg
Kvasir-SEG,cju8dk7eztzup08182yxko5zh.jpg
Kvasir-SEG,cju2ro5jqsy680988pi6qsujw.jpg
Kvasir-SEG,cju5yjq1pmlgc0801z0t24bly.jpg
Kvasir-SEG,cju1bhnfitmge0835ynls0l6b.jpg
Kvasir-SEG,cju8bk8oirjhw0817hgkua2w8.jpg
Kvasir-SEG,cju5bycdkalkb09875f7bfrvx.jpg
Kvasir-SEG,cju7dff9529h208503w60lbil.jpg
Kvasir-SEG,cju2r2obh2bjm08553kng0rh7.jpg
Kvasir-SEG,cju5wphwwlu3m0987hh3ltg88.jpg
Kvasir-SEG,cju2hqt33lmra0988fr5ijv8j.jpg
Kvasir-SEG,cju88fpm4o0tl0871w1i6a4ds.jpg
Kvasir-SEG,cju1aqqv02qwz0878a5cyhr67.jpg
Kvasir-SEG,cju40u30gkuzc0871rq7t666d.jpg
Kvasir-SEG,cju7cp6dw244p0818gncdol4m.jpg
Kvasir-SEG,cju8buos5rz9b08715lfr0f4f.jpg
Kvasir-SEG,cju5vi4nxlc530817uoqm2m7a.jpg
Kvasir-SEG,cju7ff97z2ow40817u2r83my5.jpg
Kvasir-SEG,cju8bqxxurs6i0850mu7mtef9.jpg
Kvasir-SEG,cju303j5r062k098835zxfds5.jpg
Kvasir-SEG,cju8c2rqzs5t80850d0zky5dy.jpg
Kvasir-SEG,cju2qozsk20cq0855ugrg3cri.jpg
Kvasir-SEG,cju7do8c72dbo0801vxfzxdc4.jpg
Kvasir-SEG,cju7ajnbo1gvm098749rdouk0.jpg
Kvasir-SEG,cju5wmvsdlx1j0871npgj8j4b.jpg
Kvasir-SEG,cju2yljr0yzhw0988ecf271ly.jpg
Kvasir-SEG,cju7f5ghb2r5s0801chwkxxh9.jpg
Kvasir-SEG,cju3xtufwiv9c0818djsc4cqd.jpg
Kvasir-SEG,cju2xjz2ju8pe0993ysv9wg17.jpg
Kvasir-SEG,cju2omjpeqj5a0988pjdlb8l1.jpg
Kvasir-SEG,cju0t4oil7vzk099370nun5h9.jpg
Kvasir-SEG,cju8bysfgrzkl081786jwac09.jpg
Kvasir-SEG,cju85c2d4ln1b0755zz1z3onx.jpg
Kvasir-SEG,cju8ca4geseia0850i2ru11hw.jpg
Kvasir-SEG,cju8brv16rx7f0818uf5n89pv.jpg
Kvasir-SEG,cju2u2b9o4zvp08788qb9nqxj.jpg
Kvasir-SEG,cju2yv4imv6cz099314jveiib.jpg
Kvasir-SEG,cju42wamblrqn098798r2yyok.jpg
Kvasir-SEG,cju410dnfl0960755y8lu8d79.jpg
Kvasir-SEG,cju5waeduln160817w0agirve.jpg
Kvasir-SEG,cju8cdeazsm8h0801jxifmzur.jpg
Kvasir-SEG,cju7apr0c1qqm0755s7msqot4.jpg
Kvasir-SEG,cju8b3ka8r64u0801fh18hk7l.jpg
Kvasir-SEG,cju2sxf3iqbpv09937iksn8ep.jpg
Kvasir-SEG,cju34repocy5208780gswillm.jpg
Kvasir-SEG,cju5huurrecm70801y680y13m.jpg
Kvasir-SEG,cju5xopi0md7q0871r1sjc1av.jpg
Kvasir-SEG,cju2mfjndoz700988b9lc3zeq.jpg
Kvasir-SEG,cju6xa0qmvzun0818xjukgncj.jpg
Kvasir-SEG,cju85ia1slh220987y7c20sm2.jpg
Kvasir-SEG,cju2t3ibkuecr0835o7si16zv.jpg
Kvasir-SEG,cju2zo0fwzv580988qlijd2xa.jpg
Kvasir-SEG,cju5woy82m07m08505dmjg7g1.jpg
Kvasir-SEG,cju1drnhbrb9409935wi7vkhg.jpg
Kvasir-SEG,cju1f79yhsb5w0993txub59ol.jpg
Kvasir-SEG,cju5bhv81abur0850ean02atv.jpg
Kvasir-SEG,cju2tvrvm53ws0801a0jfjdxg.jpg
Kvasir-SEG,cju2qtee81yd708787bsjr75d.jpg
Kvasir-SEG,cju1fm3id6gl50801r3fok20c.jpg
Kvasir-SEG,cju2rnkt22xep0801as160g9t.jpg
Kvasir-SEG,cju0s2a9ekvms080138tjjpxr.jpg
Kvasir-SEG,cju84dsvaklpx098750hp83x4.jpg
Kvasir-SEG,cju30ajhw09sx0988qyahx9s8.jpg
Kvasir-SEG,cju1csmlc4ht10799b8ymmghg.jpg
Kvasir-SEG,cju2z2x3nvd3c099350zgty7w.jpg
Kvasir-SEG,cju8dn0c3u2v50801k8rvq02f.jpg
Kvasir-SEG,cju5bj926aiec07559rshy4wa.jpg
Kvasir-SEG,cju42qet0lsq90871e50xbnuv.jpg
Kvasir-SEG,cju16fpvhzypl0799p9phnlx6.jpg
Kvasir-SEG,cju41p90plcsx08018cnzpndc.jpg
Kvasir-SEG,cju2okvco06xc0799kxe5n1qh.jpg
Kvasir-SEG,cju5ccpvqash50850kb4bs22k.jpg
Kvasir-SEG,cju31w6goazci0799n014ly1q.jpg
Kvasir-SEG,cju422cm8lfxn0818ojicxejb.jpg
Kvasir-SEG,cju2tpfa5uyx408359datxqqj.jpg
Kvasir-SEG,cju17bz250pgd0799u1hqkj5u.jpg
Kvasir-SEG,cju8914beokbf0850isxpocrk.jpg
Kvasir-SEG,cju83nwu1jxte0987h1krpfmv.jpg
Kvasir-SEG,cju5wcc90lu020850mjrxppv6.jpg
Kvasir-SEG,cju7ev2b12owa08500bpfpwyw.jpg
Kvasir-SEG,cju2y5zas8m7f0801d34g5owq.jpg
Kvasir-SEG,cju890guyoiti098753yg6cdu.jpg
Kvasir-SEG,cju3u4lxmg59o0755rz42b9en.jpg
Kvasir-SEG,cju35mdz73x890835eynq1h9v.jpg
Kvasir-SEG,cju45jpvfn6c809873pv1i34s.jpg
Kvasir-SEG,cju7fob3x301u0755x985pmmq.jpg
Kvasir-SEG,cju87z6o6nh73085045bzsx6o.jpg
Kvasir-SEG,cju5vzjoslpj708186z2fusmz.jpg
Kvasir-SEG,cju5yeqiwmkgl0801fzv2douc.jpg
Kvasir-SEG,cju2ulk385h170799rlklxob0.jpg
Kvasir-SEG,cju5eftctcdbj08712gdp989f.jpg
Kvasir-SEG,cju6vta3kvazg0817qbeppjtm.jpg
Kvasir-SEG,cju2s9g11pnra0993gn4eh793.jpg
Kvasir-SEG,cju0u82z3cuma0835wlxrnrjv.jpg
Kvasir-SEG,cju1brhsj3rls0855a1vgdlen.jpg
Kvasir-SEG,cju2t16vuucaq0835xcpsivn2.jpg
Kvasir-SEG,cju8at3s1qqqx0850hcq8nmnq.jpg
Kvasir-SEG,cju6v4szov55u0871qmqz3v8n.jpg
Kvasir-SEG,cju428k5fldt108177s6g6f45.jpg
Kvasir-SEG,cju2y8s56ymqr083541ggdsml.jpg
Kvasir-SEG,cju1fj6axwfp30835ukhuzhw9.jpg
Kvasir-SEG,cju89z6pqpqfx0817mfv8ixjc.jpg
Kvasir-SEG,cju30ov1oah920801mi8thuyg.jpg
Kvasir-SEG,cju8bop5jrsid08716i24fqda.jpg
Kvasir-SEG,cju6w733bveoz0817e600tw72.jpg
Kvasir-SEG,cju8432cmkgq90871cxe4iptl.jpg
Kvasir-SEG,cju8b0jr0r2oi0801jiquetd5.jpg
Kvasir-SEG,cju5knbbqfipk080128cggukq.jpg
Kvasir-SEG,cju1alwgo30z60855fm3y23sm.jpg
Kvasir-SEG,cju7dqcwi2dz00850gcmr2ert.jpg
Kvasir-SEG,cju5wtdu4m0im0871mix0yvc0.jpg
Kvasir-SEG,cju887ftknop008177nnjt46y.jpg
Kvasir-SEG,cju3xwpgviwlx0871rwm15q7v.jpg
Kvasir-SEG,cju5hl8nee8a40755fm8qjj0o.jpg
Kvasir-SEG,cju2wx0gh7fpz0878wwyd9ep8.jpg
Kvasir-SEG,cju2hdr06v2bq0799mbm3bks1.jpg
Kvasir-SEG,cju774fmayxif0818u2g79usw.jpg
Kvasir-SEG,cju2qu37qobl50993aw7ghcfq.jpg
Kvasir-SEG,cju7cue9b232j0801qdzk1ykj.jpg
Kvasir-SEG,cju5ht88gedbu0755xrcuddcx.jpg
Kvasir-SEG,cju2qh5le1ock0878oahaql7d.jpg
Kvasir-SEG,cju43o6n7m9nk087191ijwqq9.jpg
Kvasir-SEG,cju7cufm7298k0755j09uf3of.jpg
Kvasir-SEG,cju30df2j09dd08351ayx2t6w.jpg
Kvasir-SEG,cju8dpa89u6l80818dj6lldh9.jpg
Kvasir-SEG,cju2xbk0080y80801eghyddi2.jpg
Kvasir-SEG,cju6x4t13vyw60755gtcf9ndu.jpg
Kvasir-SEG,cju8cgi2kspp308011nxdtjp6.jpg
Kvasir-SEG,cju7bf1lp1shi081835vs84lc.jpg
Kvasir-SEG,cju3381d8bz3h07991xtl7ra0.jpg
Kvasir-SEG,cju5kre09fhka0850h7b1898j.jpg
Kvasir-SEG,cju7er4kc2opa0801anuxc0eb.jpg
Kvasir-SEG,cju2qxxko229x08786gvxxhur.jpg
Kvasir-SEG,cju5x7iskmad90818frchyfwd.jpg
Kvasir-SEG,cju2suk42469908015ngmq6f2.jpg
Kvasir-SEG,cju2yi9tz8vky0801yqip0xyl.jpg
Kvasir-SEG,cju1dhfok4mhe0878jlgrag0h.jpg
Kvasir-SEG,cjyzjzssvd8pq0838f4nolj5l.jpg
Kvasir-SEG,cju6wi3akvn8r0801px8eligc.jpg
Kvasir-SEG,cju40poe4kt9s0755f9cnm3h5.jpg
Kvasir-SEG,cju2zgbj9zmrw0835nnlzxj4c.jpg
Kvasir-SEG,cju1d31sp4d4k0878r3fr02ul.jpg
Kvasir-SEG,cju2u73dj53oz0878486k8k4b.jpg
Kvasir-SEG,cju76erapykj30871x5eaxh4q.jpg
Kvasir-SEG,cju310f6val1v0855xo8tc3gu.jpg
Kvasir-SEG,cju1cj3f0qi5n0993ut8f49rj.jpg
Kvasir-SEG,cju1cu1u2474n0878tt7v4tdr.jpg
Kvasir-SEG,cju5vxuc5loxw0818u8xgf45p.jpg
Kvasir-SEG,cju41z76wlgbz0801qdetlvby.jpg
Kvasir-SEG,cju13cgqmnhwn0988yrainhcp.jpg
Kvasir-SEG,cju7ehljc2or70871261br8ai.jpg
Kvasir-SEG,cju45n0oxn5vu08500yfrt9jn.jpg
Kvasir-SEG,cju6z600qwh4z081700qimgl9.jpg
Kvasir-SEG,cju183od81ff608017ekzif89.jpg
Kvasir-SEG,cju0s690hkp960855tjuaqvv0.jpg
Kvasir-SEG,cju1fb9236a110801yvg0fwju.jpg
Kvasir-SEG,cju32srle1xfq083575i3fl75.jpg
Kvasir-SEG,cju2p0eveqtdc0835gpi3p93i.jpg
Kvasir-SEG,cju5x28nzm7t907558ocq4bt7.jpg
Kvasir-SEG,cju2u4pymvc720988wsxrmi84.jpg
Kvasir-SEG,cju40r6jrksyk0871wg98zgho.jpg
Kvasir-SEG,cju6xlygpw7bs0818n691jsq4.jpg
Kvasir-SEG,cju34sh43d8zm08019xbwhc0o.jpg
Kvasir-SEG,cju8aeei7q8k308173n9y4klv.jpg
Kvasir-SEG,cju8a1jtvpt9m081712iwkca7.jpg
Kvasir-SEG,cju2rxm8rpbaf0993o3qr2oph.jpg
Kvasir-SEG,cju43h43am1dy08176gwfhmnt.jpg
Kvasir-SEG,cju6wuojavt740818b5qcv3iw.jpg
Kvasir-SEG,cju8bafgqrf4x0818twisk3ea.jpg
Kvasir-SEG,cju6z7e4bwgdd0987ogkzq9kt.jpg
Kvasir-SEG,cju1hmff8tkp809931jps6fbr.jpg
Kvasir-SEG,cju3ya7goj6at0818v2l5ay7f.jpg
Kvasir-SEG,cju2qn2fzs1vy0988l243cvzy.jpg
Kvasir-SEG,cju6xifswvwbo0987nibtdr50.jpg
Kvasir-SEG,cju3u1c8tfyqx08503iedc3mx.jpg
Kvasir-SEG,cju7evxt12m730987rxivne3x.jpg
Kvasir-SEG,cju8c5223s8j80850b4kealt4.jpg
Kvasir-SEG,cju7avvi51iox0817ym55y6tt.jpg
Kvasir-SEG,cju83syhdk6gs0801rf1rekdl.jpg
Kvasir-SEG,cju18gzrq18zw0878wbf4ftw6.jpg
Kvasir-SEG,cju5wrrs0m2af0818vmnajbtw.jpg
Kvasir-SEG,cju2xs6na81t20878pt6nkfip.jpg
Kvasir-SEG,cju77u1sjz77b0817ft44r3fk.jpg
Kvasir-SEG,cju2xwm1s84l50799i60mq0pu.jpg
Kvasir-SEG,cju5cetivauok0987ok3e5bre.jpg
Kvasir-SEG,cju892fesoq2g0801n0e0jyia.jpg
Kvasir-SEG,cju7el6xv2k520817qxx9wdr5.jpg
Kvasir-SEG,cju7ezs7g2mxm098787atbran.jpg
Kvasir-SEG,cju83qd0yjyht0817ktkfl268.jpg
Kvasir-SEG,cju2igw4gvxds0878808qj398.jpg
Kvasir-SEG,cju300m3s04fg0988uzupuf7z.jpg
Kvasir-SEG,cjyztzaqtrv430848l8xgcerw.jpg
Kvasir-SEG,cju2i3hzclw3o0988rrgh911i.jpg
Kvasir-SEG,cju2rlqdnoz9k0993cpjae3x0.jpg
Kvasir-SEG,cju83h9ysjwe808716nt35oah.jpg
Kvasir-SEG,cju5i39mreass0817au8p22zy.jpg
Kvasir-SEG,cju1c0qb4tzi308355wtsnp0y.jpg
Kvasir-SEG,cju5o1vu9gz8a0818eyy92bns.jpg
Kvasir-SEG,cju7aklv31h4309871m29l4e7.jpg
Kvasir-SEG,cju84aoa3ktwn0755pfl4gfwd.jpg
Kvasir-SEG,cju1erep75us208553i4ofwwe.jpg
Kvasir-SEG,cju2uy8ox62jo0801g88hh42z.jpg
Kvasir-SEG,cju414lf2l1lt0801rl3hjllj.jpg
Kvasir-SEG,cju8828oxnool0801qno9luhr.jpg
Kvasir-SEG,cju1gv7106qd008784gk603mg.jpg
Kvasir-SEG,cjyzurzvohqnr0794es1itzek.jpg
Kvasir-SEG,cju5bf6hxa6m50817rbwettgu.jpg
Kvasir-SEG,cju8bzzy2s66m08016z6mouqt.jpg
Kvasir-SEG,cju2osuru0ki00855txo0n3uu.jpg
Kvasir-SEG,cju7fq7mm2pw508176uk5ugtx.jpg
Kvasir-SEG,cju34zivp3fq80988opxbaqyn.jpg
Kvasir-SEG,cju77re6fz5bb0817vp9redjg.jpg
Kvasir-SEG,cju8djdqztu6408506pzhlo18.jpg
Kvasir-SEG,cju3xjqtpikx50817tppy6g84.jpg
Kvasir-SEG,cju1c4fcu40hl07992b8gj0c8.jpg
Kvasir-SEG,cju45rj7ln8980850a7821fov.jpg
Kvasir-SEG,cju5wj0faly5008187n6530af.jpg
Kvasir-SEG,cju0tl3uz8blh0993wxvn7ly3.jpg
Kvasir-SEG,cju5cu8qkb84x08186jwo8yin.jpg
Kvasir-SEG,cju83wwn1k55e0850kw6i2d81.jpg
Kvasir-SEG,cju2otvvv0l7z0855x7we8cb0.jpg
Kvasir-SEG,cju1fjsb4sipq09931lvd8e41.jpg
Kvasir-SEG,cju34ymm8d6700799uop0cw33.jpg
Kvasir-SEG,cju5gucasds9d0801019axylx.jpg
Kvasir-SEG,cju8bssulrrcy0987h1vq5060.jpg
Kvasir-SEG,cju358pwtdby20878cg7nm0np.jpg
Kvasir-SEG,cju5fu081d8gc0818l3yylujk.jpg
Kvasir-SEG,cju35fxqyzt5p0993vusm54qz.jpg
Kvasir-SEG,cju40wto5kxwi0755it190f2k.jpg
Kvasir-SEG,cju83vvmik9wa08710yeh7cuk.jpg
Kvasir-SEG,cju3xeexgii1j0817zs68tb4g.jpg
Kvasir-SEG,cju3xiic0ilzp0850lusrb42j.jpg
Kvasir-SEG,cju8cattbsivm0818p446wgel.jpg
Kvasir-SEG,cju76o55nymqd0871h31sph9w.jpg
Kvasir-SEG,cju8a84g0q76m0818hwiggkod.jpg
Kvasir-SEG,cju2ti1du4idn0878giuozonw.jpg
Kvasir-SEG,cju787jnjzjuj0871p94nck9g.jpg
Kvasir-SEG,cju85a8h8llwm07559wxg4t5w.jpg
Kvasir-SEG,cju15mhjczc8z0801kit5c6di.jpg
Kvasir-SEG,cju85hguellg50818kwu3s8d1.jpg
Kvasir-SEG,cju175facms5f0993a5tjikvt.jpg
Kvasir-SEG,cju0rx1idathl0835detmsp84.jpg
Kvasir-SEG,cju5b9oyda4yr0850g9viziyv.jpg
Kvasir-SEG,cju8axq24r4an0755yhv9d4ly.jpg
Kvasir-SEG,cju5ukkg6kv7u08011x2b6zl5.jpg
Kvasir-SEG,cju1871y11d6r0799k6cw4yze.jpg
Kvasir-SEG,cju32csyfblyh080170aa3x5p.jpg
Kvasir-SEG,cju2ysg748ru80878sp6j0gm0.jpg
Kvasir-SEG,cju426tomlhll0818fc0i7nvh.jpg
Kvasir-SEG,cju1819curo000988pd5xcqme.jpg
Kvasir-SEG,cju5von04litr08718j8po40a.jpg
Kvasir-SEG,cjz14qsk2wci60794un9ozwmw.jpg
Kvasir-SEG,cju5i5oh2efg60987ez6cpf72.jpg
Kvasir-SEG,cju33belnbyhm0878yxl42233.jpg
Kvasir-SEG,cju33o12x2jm50988944mxq0v.jpg
Kvasir-SEG,cju3v664kh0px0818y4y7wolf.jpg
Kvasir-SEG,cju7awzmu1ncs0871hziy65zx.jpg
Kvasir-SEG,cju2qz06823a40878ojcz9ccx.jpg
Kvasir-SEG,cju40jl7skiuo0817p0smlgg8.jpg
Kvasir-SEG,cju6vqarjv7yo0987q4b1btk1.jpg
Kvasir-SEG,cju88vx2uoocy075531lc63n3.jpg
Kvasir-SEG,cju7afqon1ip40850ue2308b6.jpg
Kvasir-SEG,cju3v72v5h1qz0818fggilwtq.jpg
Kvasir-SEG,cju2zpw4q9vzr0801p0lysjdl.jpg
Kvasir-SEG,cju5ymyd8mmdc0801ry3by1xr.jpg
Kvasir-SEG,cju5ktjwofed70817eg58ef7u.jpg
Kvasir-SEG,cju2lyynuymli0855g7fxgbhe.jpg
Kvasir-SEG,cju3518w2d838079939fqztbc.jpg
Kvasir-SEG,cju1efbr0rqxz09931z0lf4vf.jpg
Kvasir-SEG,cju7f9umg2olj0987fj5y285w.jpg
Kvasir-SEG,cju5chrxxawka0871qcj171yz.jpg
Kvasir-SEG,cju5uhrdwkmsu0817ervv91l8.jpg
Kvasir-SEG,cju2zi4l09f5807991s8do2b2.jpg
Kvasir-SEG,cju88trl3ogi208716qvti51b.jpg
Kvasir-SEG,cju32qr9tbvsj08013pkpjenq.jpg
Kvasir-SEG,cju7db7lp2f400755tntd1ohf.jpg
Kvasir-SEG,cju3u39fog1bo0871lxjrabks.jpg
Kvasir-SEG,cju3x4blzieu30850x10uuvbm.jpg
Kvasir-SEG,cju6vvb8svhed0801jjcquh5e.jpg
Kvasir-SEG,cju6v1m1xv07w09870ah3njy1.jpg
Kvasir-SEG,cju2hfqnmhisa0993gpleeldd.jpg
Kvasir-SEG,cju1ewnoh5z030855vpex9uzt.jpg
Kvasir-SEG,cju2trbpkv0c00988hxla5dzz.jpg
Kvasir-SEG,cju6wjm81vgsc0987enk9n3pr.jpg
Kvasir-SEG,cju2rn0hasxri0835nfy3buay.jpg
Kvasir-SEG,cju8adb60qbiu080188mxpf8d.jpg
Kvasir-SEG,cjyzlw7f9faqr070129au64sq.jpg
Kvasir-SEG,cju0qoxqj9q6s0835b43399p4.jpg
Kvasir-SEG,cju7druhp2gp308715i6km7be.jpg
Kvasir-SEG,cju5tenjojp1j0755ms4949h2.jpg
Kvasir-SEG,cju7fazv92ywx0755xov2erga.jpg
Kvasir-SEG,cju3ttznuftyf09875t11850w.jpg
Kvasir-SEG,cju2y0z6g87p10878fpk5d3rq.jpg
Kvasir-SEG,cju1ffnjn6ctm08015perkg37.jpg
Kvasir-SEG,cju5hjxaae3i40850h5z2laf5.jpg
Kvasir-SEG,cju5f0dezct4q08183ydw11dx.jpg
Kvasir-SEG,cjyzufihqquiw0a46jatrbwln.jpg
Kvasir-SEG,cju31rb7vb6110801p9rhacuw.jpg
Kvasir-SEG,cju77bvg0yv4r0987yh60xmjo.jpg
Kvasir-SEG,cju7dglf226g50987ohbthl19.jpg
Kvasir-SEG,cju7d7aut2a2p0818z4uxc6cd.jpg
Kvasir-SEG,cju41r6v2lcww0871ps8k8pf5.jpg
Kvasir-SEG,cju77q10sz9ug0801449wu1nu.jpg
Kvasir-SEG,cju1gghyjwxt80835vx0wgxw0.jpg
Kvasir-SEG,cju88q6h6obpd0871ckmiabbo.jpg
Kvasir-SEG,cju3tsh4lfsok0987w6x3a0v1.jpg
Kvasir-SEG,cju34c1xfyz920993itxkkfad.jpg
Kvasir-SEG,cju8apjewqrk00801k5d71gky.jpg
Kvasir-SEG,cju1dq3x1vgx109889c7wyirg.jpg
Kvasir-SEG,cju6x35ervu2808015c7eoqe4.jpg
Kvasir-SEG,cju6z2616wqbk07555bvnuyr1.jpg
Kvasir-SEG,cju2yw4s7z7p20988lmf2gdgd.jpg
Kvasir-SEG,cju2txjfzv60w098839dcimys.jpg
Kvasir-SEG,cju45ty6zn9oz0850qy4qnck1.jpg
Kvasir-SEG,cju7bc95p1mdm0817yqj5jc6j.jpg
Kvasir-SEG,cju5u8gz4kj5b07552e2wpkwp.jpg
Kvasir-SEG,cju5nyu31gv8e0871zpk74a2n.jpg
Kvasir-SEG,cju30ywtc0oar0835bp2en7ec.jpg
Kvasir-SEG,cju1fmsyf6gxb0801cimx2gle.jpg
Kvasir-SEG,cju2yyhsp933j0855hp32e012.jpg
Kvasir-SEG,cju5yhgznmkzb0801cji2vi8j.jpg
Kvasir-SEG,cju8bljw9rqk20801kr54akrl.jpg
Kvasir-SEG,cjyzu9th0qt4r0a46pyl4zik0.jpg
Kvasir-SEG,cju85rkbnlo1c08503uxcpax1.jpg
Kvasir-SEG,cju7f4sc62xqj075597xpmuoy.jpg
Kvasir-SEG,cju5wi6bqlxy90755bu227nvb.jpg
Kvasir-SEG,cju34uhepd3dd0799hs8782ad.jpg
Kvasir-SEG,cju7ekbo32pft0871fv7kzwb9.jpg
Kvasir-SEG,cju1ejj7dvqfa0835ra184v5m.jpg
Kvasir-SEG,cju5ew4h9cqaf0818rrczkmqh.jpg
Kvasir-SEG,cju7adqyj1jcx08712r1ro5gx.jpg
Kvasir-SEG,cju84ffdzkrjn08183jh1fxmb.jpg
Kvasir-SEG,cju43kj2pm34f0850l28ahpni.jpg
Kvasir-SEG,cju8b542nr81x0871uxnkm9ih.jpg
Kvasir-SEG,cju2rmd2rsw9g09888hh1efu0.jpg
Kvasir-SEG,cju3y9difj6th0801kd1rqm3w.jpg
Kvasir-SEG,cju6v6g6kvdw007552x6mb0po.jpg
Kvasir-SEG,cju1c6yfz42md08550zgoz3pw.jpg
Kvasir-SEG,cju2qdj95ru8g09886gfi9rsz.jpg
Kvasir-SEG,cju33eqwbcch208012jikwdky.jpg
Kvasir-SEG,cju302fqq9spc0878rrygyzzz.jpg
Kvasir-SEG,cju14hjh2ob2o0835ouz3r5aa.jpg
Kvasir-SEG,cju2t62nq45jl0799odpufwx6.jpg
Kvasir-SEG,cju2zdhsczmn50988z64qwg2q.jpg
Kvasir-SEG,cju41kd7yl4nm0850gil5qqwh.jpg
Kvasir-SEG,cju336l68y7if0993wf092166.jpg
Kvasir-SEG,cju6v5ilsv8hk0850rb5sgh6o.jpg
Kvasir-SEG,cju424hy5lckr085073fva1ok.jpg
Kvasir-SEG,cju85plp7lmkw0850rx42jdpf.jpg
Kvasir-SEG,cju7fnfv02tt90801djnix9m8.jpg
Kvasir-SEG,cju42xpi8lw4w0871ve317a1p.jpg
Kvasir-SEG,cju85citjlnfm0755i4rk5tqj.jpg
Kvasir-SEG,cju2wxv0hxs2f09884w48v8fi.jpg
Kvasir-SEG,cju83k8fyjsxr0817d6nxs6r4.jpg
Kvasir-SEG,cju87tyddnnad0755bj0wxahe.jpg
Kvasir-SEG,cju14pxbaoksp0835qzorx6g6.jpg
Kvasir-SEG,cju87nkyrnb970801q84m47yt.jpg
Kvasir-SEG,cju84gpefknwm098714oq8q61.jpg
Kvasir-SEG,cju1c8ffau5770835g0g343o8.jpg
Kvasir-SEG,cju2xd75m82720801q4s4ik3n.jpg
Kvasir-SEG,cju8bh8surexp0987o5pzklk1.jpg
Kvasir-SEG,cju7da88w2eod0755wejzynvt.jpg
Kvasir-SEG,cju34i3qvcyog0855qiejxx5w.jpg
Kvasir-SEG,cju6x97w4vwua0850x0997r0a.jpg
Kvasir-SEG,cju41nz76lcxu0755cya2qefx.jpg
Kvasir-SEG,cju2oi8sq0i2y0801mektzvw8.jpg
Kvasir-SEG,cju7b1ygu1msd0801hywhy0mc.jpg
Kvasir-SEG,cju8bgdmqrksy0801tozdmraa.jpg
Kvasir-SEG,cju1euuc65wm00799m4sjdnnn.jpg
Kvasir-SEG,cju6vrs1ov8cr098788h8gs6j.jpg
Kvasir-SEG,cju6x0yqbvxqt0755dhxislgb.jpg
Kvasir-SEG,cju8clorgsuwn08714toqb7v6.jpg
Kvasir-SEG,cju8abobpqbir08189u01huru.jpg
Kvasir-SEG,cju2zrojo9kcd0878ld2epejq.jpg
Kvasir-SEG,cju3yht87j83m08507yk1u1fg.jpg
Kvasir-SEG,cju88v2f9oi8w0871hx9auh01.jpg
Kvasir-SEG,cju885ikhnmkn09878s2lqtuh.jpg
Kvasir-SEG,cju5ft6mcd5q40987rhjgbrr6.jpg
Kvasir-SEG,cju7alcgr1lsr0871riqk84z7.jpg
Kvasir-SEG,cju3v3ac9gyz30755hfqwyp1i.jpg
Kvasir-SEG,cju7ebe962hr409872ovibahw.jpg
Kvasir-SEG,cju30k2z40ds308353kdew70n.jpg
Kvasir-SEG,cju5u6wf0kh1t0755bg1ssixv.jpg
Kvasir-SEG,cju32pzh9bpw10855q4vaxfhe.jpg
Kvasir-SEG,cju7efffp2ivf0817etg3jehl.jpg
Kvasir-SEG,cju34aozyyy830993bn16u32n.jpg
Kvasir-SEG,cju2nqapmzvk20801f9us40dx.jpg
Kvasir-SEG,cju3wstckialg0871xs0vevsj.jpg
Kvasir-SEG,cju8b5p40r2c60987ofa0mu03.jpg
Kvasir-SEG,cju1f8w0t65en0799m9oacq0q.jpg
Kvasir-SEG,cju2x7vw87mu30878hye2ca0m.jpg
Kvasir-SEG,cju2nnqrqzp580855z8mhzgd6.jpg
Kvasir-SEG,cju7d4jk723eu0817bqz2n39m.jpg
Kvasir-SEG,cju7ddtz729960801uazp1knc.jpg
Kvasir-SEG,cju2hx006vidl0799igm81vmh.jpg
Kvasir-SEG,cju1cqc7n4gpy0855jt246k68.jpg
Kvasir-SEG,cju7deifq2fzn0755lc8idyh8.jpg
Kvasir-SEG,cju42dwedlmk60871jbgu4ehi.jpg
Kvasir-SEG,cju2r91dg2k090801bh0xzbxk.jpg
Kvasir-SEG,cju33231uy4gi0993qc7b1jch.jpg
Kvasir-SEG,cju1dg44i4z3w0801nyz4p6zf.jpg
Kvasir-SEG,cju7dxffn2eam0817qxosfwch.jpg
Kvasir-SEG,cju5ekty5ckzf07550c9u3ckk.jpg
Kvasir-SEG,cju6z1bzbwfq50817b2alatvr.jpg
Kvasir-SEG,cju18849rrsgr0988p90hkygb.jpg
Kvasir-SEG,cju17x0j4nfc10993y31pvlgs.jpg
Kvasir-SEG,cju8bi8q7rlmn0871abc5ch8k.jpg
Kvasir-SEG,cju2nd7l7z98o0799gfjvyfmw.jpg
Kvasir-SEG,cju773hsyyosz0817pk1e7sjq.jpg
Kvasir-SEG,cju1ats0y372e08011yazcsxm.jpg
Kvasir-SEG,cju87xn2snfmv0987sc3d9xnq.jpg
Kvasir-SEG,cju42g865lorv07552ytz6xxa.jpg
Kvasir-SEG,cju6wll7wvo3y08502pagos8m.jpg
Kvasir-SEG,cju3521y5d5mq0878t3ezsu4p.jpg
Kvasir-SEG,cju30gxjq0djk0988jytm49rs.jpg
Kvasir-SEG,cju30xqmh0ni00835ix3batv1.jpg
Kvasir-SEG,cju45ofd9ne1j0801ri8dup7t.jpg
Kvasir-SEG,cju5vbo6jldrt0871jf6f1700.jpg
Kvasir-SEG,cju2rga4psq9n09881z519xx0.jpg
Kvasir-SEG,cju7epwj82koz098713apjnzo.jpg
Kvasir-SEG,cju7azuu31mia0801pf9ib5ed.jpg
Kvasir-SEG,cju2xyd9vyi7m098831qcucse.jpg
Kvasir-SEG,cju353d1eda8c07992afde611.jpg
Kvasir-SEG,cju1cyjb5qtie0993njqne9m3.jpg
Kvasir-SEG,cju13hp5rnbjx0835bf0jowgx.jpg
Kvasir-SEG,cju1egh885m1l0855ci1lt37c.jpg
Kvasir-SEG,cju0roawvklrq0799vmjorwfv.jpg
Kvasir-SEG,cju2m56cryvqd0801gtn2yp8t.jpg
Kvasir-SEG,cju8c6hnxsdvr0801wn0vrsa6.jpg
Kvasir-SEG,cju8ceacrsqkr0755hdz145es.jpg
Kvasir-SEG,cju439oazm2fu0871ma0vvrft.jpg
Kvasir-SEG,cju84hibuktj80871u519o71q.jpg
Kvasir-SEG,cju7dsrtb2f8i085064kwugfk.jpg
Kvasir-SEG,cju1cfhyg48bb0799cl5pr2jh.jpg
Kvasir-SEG,cju6uzxk0v83p0801rcwnexdu.jpg
Kvasir-SEG,cju8dm2cau2km0818jsv9eeq2.jpg
Kvasir-SEG,cju7ae7bq1f820987toc8si1d.jpg
Kvasir-SEG,cju7et17a2vjk0755e743npl1.jpg
Kvasir-SEG,cju2rqo702wpx0855fn7d5cxh.jpg
Kvasir-SEG,cju7f900s2o0k08175gl1giid.jpg
Kvasir-SEG,cju1amqw6p8pw0993d9gc5crl.jpg
Kvasir-SEG,cju8567gdlcbq0801dwwyo2jt.jpg
Kvasir-SEG,cju1h89h6xbnx08352k2790o9.jpg
Kvasir-SEG,cju0sr5ghl0nd08789uzf1raf.jpg
Kvasir-SEG,cju77vvcwzcm50850lzoykuva.jpg
Kvasir-SEG,cju849c23kgnk0817cgv2hw1e.jpg
Kvasir-SEG,cju1g20bdwq6u0835e16xugcd.jpg
Kvasir-SEG,cju2r6mt2om21099352pny5gw.jpg
Kvasir-SEG,cju8b4ja9r2s808509d45ma86.jpg
Kvasir-SEG,cju5wkonqlrl409877y8zvnub.jpg
Kvasir-SEG,cju2yo1j1v0qz09934o0e683p.jpg
Kvasir-SEG,cju8c9akjsdjj0850s67uzlxq.jpg
Kvasir-SEG,cju7arvfe1ldu0850erdmphgj.jpg
Kvasir-SEG,cju3x9lttikfb0818a0g104zn.jpg
Kvasir-SEG,cju43in5fm22c08175rxziqrk.jpg
Kvasir-SEG,cju2ueb6j5ado0878vf5md13o.jpg
Kvasir-SEG,cju6yywx1whbb0871ksgfgf9f.jpg
Kvasir-SEG,cju5jz5fff8c50871hbe6108f.jpg
Kvasir-SEG,cju8b6rp0r5st0850184f79xt.jpg
Kvasir-SEG,cju846ec0kj7z08012o10klrb.jpg
Kvasir-SEG,cju85nr8elly209872w9n5m0s.jpg
Kvasir-SEG,cju785htizjzo08017tvlhtg4.jpg
Kvasir-SEG,cju3y21quj0ir0818kgjagr15.jpg
Kvasir-SEG,cju8aqq8uqmoq0987hphto9gg.jpg
Kvasir-SEG,cju847pxykriq0755268ktrk2.jpg
Kvasir-SEG,cju8aj01yqeqm0850lhdz3xdw.jpg
Kvasir-SEG,cju2sggy13na70855tbeoqgha.jpg
Kvasir-SEG,cju7eueum2oqn0850rodmx8zo.jpg
Kvasir-SEG,cju7atnm31if40817pqclnjer.jpg
Kvasir-SEG,cju5nxkujgscq0817l9gss626.jpg
Kvasir-SEG,cju7cl8zm1xcu0817ado0jpas.jpg
Kvasir-SEG,cju3umoh1geet0817cmpef5am.jpg
Kvasir-SEG,cju1cdxvz48hw0801i0fjwcnk.jpg
Kvasir-SEG,cju5v8pgplg6k0755rvi2t63h.jpg
Kvasir-SEG,cju1dia8hvc6v098827mgffnm.jpg
Kvasir-SEG,cju8cwy02t9eq08185qn12c02.jpg
Kvasir-SEG,cju83u9ftk3ni0987qnhlcinv.jpg
Kvasir-SEG,cju32fhnhbds40799broyoptc.jpg
Kvasir-SEG,ck2395w2mb4vu07480otsu6tw.jpg
Kvasir-SEG,cju5ca9hcatkc0801jzwe7tfx.jpg
Kvasir-SEG,cju35c4wzdhow0799h6eq4sgs.jpg
Kvasir-SEG,cju42py9mlqyd0818u3d1d7ga.jpg
Kvasir-SEG,cju41lojblbs307555jdci937.jpg
Kvasir-SEG,cju85qefyln6v0850szeb9byi.jpg
Kvasir-SEG,cju6vgdmivcvb08018fra5lnv.jpg
Kvasir-SEG,cju16d65tzw9d0799ouslsw25.jpg
Kvasir-SEG,cju5fi0yxd3ei0801v7u0yudn.jpg
Kvasir-SEG,cju1cbokpuiw70988j4lq1fpi.jpg
Kvasir-SEG,cju6yxyt0wh080871sqpepu47.jpg
Kvasir-SEG,ck2bxqz3evvg20794iiyv5v2m.jpg
Kvasir-SEG,cju33x0f22peh0988g0ln7w5v.jpg
Kvasir-SEG,cju783tmkzkqu081803g7q5vk.jpg
Kvasir-SEG,cju17r8il13910799dr2wme2e.jpg
Kvasir-SEG,cju2oo0wh0bqy0878biujeyhe.jpg
Kvasir-SEG,cju2nfnvxzdkd0878399axlco.jpg
Kvasir-SEG,cju2z9vlp9j0w0801oag91sy9.jpg
Kvasir-SEG,cju5xq3tdm9fn0987pbedxdg5.jpg
Kvasir-SEG,cju5vgawslbe30987ndeepc1b.jpg
Kvasir-SEG,cju2hlm19vjjf0801o69qnber.jpg
Kvasir-SEG,cju7dp3dw2k4n0755zhe003ad.jpg
Kvasir-SEG,cju42m60jlpcm08186kqppzqv.jpg
Kvasir-SEG,cju8ando2qqdo0818ck7i1be1.jpg
Kvasir-SEG,cju2xlcqxy9c60988vjacdznb.jpg
Kvasir-SEG,cju5o4pk9h0720755lgp9jq8m.jpg
Kvasir-SEG,cju8amfdtqi4x09871tygrgqe.jpg
Kvasir-SEG,cju7aqkue1i2k09879uzcpt8r.jpg
Kvasir-SEG,ck2bxiswtxuw80838qkisqjwz.jpg
Kvasir-SEG,cju5fs6j6d8350801vglraq4u.jpg
Kvasir-SEG,cju16b6ynq8e40988m8vx0xnj.jpg
Kvasir-SEG,cju2hjrqcvi2j0801bx1i6gxg.jpg
Kvasir-SEG,cju8c3xs7sauj0801ieyzezr5.jpg
Kvasir-SEG,cju8c5mxls96t0850wvkvsity.jpg
Kvasir-SEG,cju2p91qir00k08350ddfif0w.jpg
Kvasir-SEG,cju5xkwzxmf0z0818gk4xabdm.jpg
Kvasir-SEG,cju2yg5ht8i4p087800js8hp4.jpg
Kvasir-SEG,cju1dfeupuzlw0835gnxip369.jpg
Kvasir-SEG,cju16whaj0e7n0855q7b6cjkm.jpg
Kvasir-SEG,cju88nroho44508500129f1nh.jpg
Kvasir-SEG,cju2rkjfwoxys0993x768l1j2.jpg
Kvasir-SEG,cju2lberzkdzm09938cl40pog.jpg
Kvasir-SEG,cju85omszllp30850b6rm9mi3.jpg
Kvasir-SEG,cju893jmdompz0817xn3g1w4h.jpg
Kvasir-SEG,cju3tx1qyg0c907552fglumhc.jpg
Kvasir-SEG,cju1dnz61vfp40988e78bkjga.jpg
Kvasir-SEG,cju8c5zcbsdfz0801o5t6jag1.jpg
Kvasir-SEG,cju1f320ewfyu0988ndz6blh5.jpg
Kvasir-SEG,cju7bd1qu1mx409877xjxibox.jpg
Kvasir-SEG,cju1b75x63ddl0799sdp0i2j3.jpg
Kvasir-SEG,cju43eigtm6ev0801mv0m96t1.jpg
Kvasir-SEG,cju3x7xsaijq80818f0psavav.jpg
Kvasir-SEG,cju2nguelpmlj0835rojdn097.jpg
Kvasir-SEG,cju31t8xd17bk0835rnb893jk.jpg
Kvasir-SEG,cju34xspwzenf0993cyzajv9n.jpg
Kvasir-SEG,cju1fyb1d69et0878muzdak9u.jpg
Kvasir-SEG,cju5x00l6m5j608503k78ptee.jpg
Kvasir-SEG,cju6vifjlv55z0987un6y4zdo.jpg
Kvasir-SEG,cju88z8bson4h0871nnd7fdxo.jpg
Kvasir-SEG,ck2bxpfgxu2mk0748gsh7xelu.jpg
Kvasir-SEG,cju7aez2x1jtj0871ztezs3oi.jpg
Kvasir-SEG,cju3ua8u0g9rg0801uayhdxhu.jpg
Kvasir-SEG,cju34o6dbd2lo0855aqlcy1hs.jpg
Kvasir-SEG,cju18ibp219ub08783i6o98g7.jpg
Kvasir-SEG,cju15wdt3zla10801odjiw7sy.jpg
Kvasir-SEG,cju858eswlepn0871pzvdrhj1.jpg
Kvasir-SEG,cju5cky5xb0ay0801oxet697t.jpg
Kvasir-SEG,cju2zdvjn9h7r08553cp4eed5.jpg
Kvasir-SEG,cju1haab178i70799tk9z8y8x.jpg
Kvasir-SEG,cju7b3f5h1sm40755i572jden.jpg
Kvasir-SEG,cju1fr4etsmrr09933u4t4aql.jpg
Kvasir-SEG,cju7dubap2g0w0801fgl42mg9.jpg
Kvasir-SEG,cju2z1nxlzaj40835wj81s1iy.jpg
Kvasir-SEG,cju2s16zp317h0799gr67jqc2.jpg
Kvasir-SEG,cju0qkwl35piu0993l0dewei2.jpg
Kvasir-SEG,cju34fojcctcf0799ebolbvkn.jpg
Kvasir-SEG,cju2qqn5ys4uo0988ewrt2ip2.jpg
Kvasir-SEG,cju32a52lb9rc0799xi40qs00.jpg
Kvasir-SEG,cju1c3218411b08014g9f6gig.jpg
Kvasir-SEG,cju87r56lnkyp0755hz30leew.jpg
Kvasir-SEG,cju34ds2531520988qjpqt6e3.jpg
Kvasir-SEG,cju3xhpvvimda0987ygrpzni2.jpg
Kvasir-SEG,cju1g4nsb6ngy0799l4ezm8ab.jpg
Kvasir-SEG,cju1gkndf6yi10801o1qnje19.jpg
Kvasir-SEG,cju5vutu7ll8w0871dfp92n9p.jpg
Kvasir-SEG,cju8arof2qpf20850ifr1bnqj.jpg
Kvasir-SEG,cju6us80mv1b50871ebyq2wxa.jpg
Kvasir-SEG,cju84ih17kp5l09876bkooocl.jpg
Kvasir-SEG,cjyzu3reghjya0794w7pwoi50.jpg
Kvasir-SEG,cju2lejzcy4pc0878c9rlonot.jpg
Kvasir-SEG,cju2raxlosl630988jdbfy9b0.jpg
Kvasir-SEG,cju6xmqd9w0250817l5kxfnsk.jpg
Kvasir-SEG,cju32jcdabepz0878d0cznmfe.jpg
Kvasir-SEG,cju2rzpsmtb0f0835jabkbao1.jpg
Kvasir-SEG,cju85dx63lic408017f0l0400.jpg
Kvasir-SEG,cju87q6yoneim0871dl4phvkd.jpg
Kvasir-SEG,cju2sevf53lkx08558h5bpaig.jpg
Kvasir-SEG,cjyzuio1qgh040763k56deohv.jpg
Kvasir-SEG,cju0ue769mxii08019zqgdbxn.jpg
Kvasir-SEG,cju2zkpdl9h7t0799ix60teqg.jpg
Kvasir-SEG,cju85mpuglq8k0818d2it6hzb.jpg
Kvasir-SEG,cju1hyolc7aqu0878rrkfn1lr.jpg
Kvasir-SEG,cju43gfosm63n08714rpih8pe.jpg
Kvasir-SEG,cju3xl264ingx0850rcf0rshj.jpg
Kvasir-SEG,cju33yemn2qb20988wfjxximx.jpg
Kvasir-SEG,cju8aw9n1qyg10801jkjlmors.jpg
Kvasir-SEG,cju3uwz6ogsp10801h2r3bj5l.jpg
Kvasir-SEG,cju3tvffffx5f0818t5ov22al.jpg
Kvasir-SEG,cju88oh0po9gq0801nge4tgr1.jpg
Kvasir-SEG,cju5jx7jzf7c90871c2i9aiov.jpg
Kvasir-SEG,cju5y84q3mdv50817eyp82xf3.jpg
Kvasir-SEG,cju5eq8c8ck690850vix98hv3.jpg
Kvasir-SEG,cju7dlk532dsh0871zvr6qz0r.jpg
Kvasir-SEG,cju8dqkrqu83i0818ev74qpxq.jpg
Kvasir-SEG,cju1gi7jlwyld0835cdf6g6qz.jpg
Kvasir-SEG,cju7ecl9i2i060987xawjp4l0.jpg
Kvasir-SEG,cju7bb3ss1uoo0755pmhyco7t.jpg
Kvasir-SEG,cju8a56vxpy780850r45yu4wk.jpg
Kvasir-SEG,cju88rl5eo94l0850kf5wtrm1.jpg
Kvasir-SEG,cju2i8br1vqtd08784u6vmcjk.jpg
Kvasir-SEG,cju77g99iyxc00817zqi2ppor.jpg
Kvasir-SEG,cju30ia8da2bq0799klnehml2.jpg
Kvasir-SEG,cju8ayeq7r1fb0818z1junacy.jpg
Kvasir-SEG,cju35i2e63uxr0835h7zgkg9k.jpg
Kvasir-SEG,cju7b2l561oas0871decgslaf.jpg
Kvasir-SEG,cju5hyi9yegob0755ho3do8en.jpg
Kvasir-SEG,cju2zxja9w1eh09933609ho9z.jpg
Kvasir-SEG,cju35k2fr3vc50988c85qkrwg.jpg
Kvasir-SEG,cju5wuhm1lwm40987vugqn3vv.jpg
Kvasir-SEG,cju7amjna1ly40871ugiokehb.jpg
Kvasir-SEG,cju18kevfrojc0835bn90f1in.jpg
Kvasir-SEG,cju8a2itsq4dv0755ntlovpxe.jpg
Kvasir-SEG,cju2pkwt3r8b90988v2ywq1px.jpg
Kvasir-SEG,cju5udcufki0s09874ll1dbr5.jpg
Kvasir-SEG,cju1f5x1164xv08555654c24r.jpg
Kvasir-SEG,cju7dizi82h2i0755doucgnt3.jpg
NBI,003302487C.jpg
NBI,003146905D5.jpg
NBI,003248489C.jpg
NBI,003249892D1.jpg
NBI,003079727E.jpg
NBI,003058823J.jpg
NBI,003082632F2.jpg
NBI,003106187H4.jpg
NBI,003095241B.jpg
NBI,003260696F.jpg
NBI,003069974C.jpg
NBI,003060225G.jpg
NBI,003299450G.jpg
NBI,003121271C2.jpg
NBI,003281502E.jpg
NBI,003302766G2.jpg
NBI,003106187H5.jpg
NBI,003050509A1.jpg
NBI,003014833F.jpg
NBI,003244678J.jpg
NBI,003250195E.jpg
NBI,003021928E0.jpg
NBI,003112679B.jpg
NBI,003180602H.jpg
NBI,003053402C2.jpg
NBI,003130379E.jpg
NBI,003249149J1.jpg
NBI,003259924J.jpg
NBI,003249149J.jpg
NBI,003071579I.jpg
NBI,003262725B.jpg
NBI,003087846H.jpg
NBI,003263697I.jpg
NBI,003304726G.jpg
NBI,003285254D.jpg
NBI,003068305H.jpg
NBI,003232239H.jpg
NBI,003248316C4.jpg
NBI,003250349E.jpg
NBI,003275621B.jpg
NBI,003174546H.jpg
NBI,003151889F.jpg
NBI,003126207E1.jpg
NBI,003135636C.jpg
NBI,003003029G.jpg
NBI,003249892D3.jpg
NBI,003278335A.jpg
NBI,003203684J.jpg
NBI,003005814B.jpg
NBI,003221319H.jpg
NBI,003208551B.jpg
NBI,003258707I1.jpg
NBI,003033192B.jpg
NBI,003029823I.jpg
NBI,003008122C.jpg
NBI,003033829F0.jpg
NBI,003008783D.jpg
NBI,003003257G.jpg
NBI,003114232C.jpg
NBI,003248832H.jpg
NBI,003106187H.jpg
NBI,003273006G.jpg
NBI,003097407D.jpg
NBI,003006594C.jpg
NBI,003003029G1.jpg
NBI,003248316C.jpg
NBI,003159895F.jpg
NBI,003295714F.jpg
NBI,003253265D.jpg
NBI,003244236H.jpg
NBI,003006176I.jpg
NBI,003068896B.jpg
NBI,003101032J.jpg
NBI,003000887I.jpg
NBI,003282137H.jpg
NBI,003028888B.jpg
NBI,003206306C.jpg
NBI,003299450G1.jpg
NBI,003033532B.jpg
NBI,003269766I.jpg
NBI,003283809I.jpg
NBI,003007039E.jpg
NBI,003259922H.jpg
NBI,003082632F1.jpg
NBI,003082440J.jpg
NBI,003158506F.jpg
NBI,003121271C1.jpg
NBI,003033470E.jpg
NBI,003001260D.jpg
NBI,003114927G.jpg
NBI,003003490D.jpg
NBI,003101491C.jpg
NBI,003053402C.jpg
NBI,003106187H3.jpg
NBI,003263005A.jpg
NBI,003183835E.jpg
NBI,003033234E.jpg
NBI,003250195E1.jpg
NBI,003099328DN5.jpg
NBI,003141565D.jpg
NBI,003018666E.jpg
NBI,003138312H1.jpg
NBI,003284933F.jpg
NBI,003243079I.jpg
NBI,003099328DN1.jpg
NBI,003015748D.jpg
NBI,003262820J.jpg
NBI,003205907H.jpg
NBI,003140573J1.jpg
NBI,003248316C2.jpg
NBI,003302766G3.jpg
NBI,003106187H1.jpg
NBI,003251553A.jpg
NBI,003146905D4.jpg
NBI,003033829F.jpg
NBI,003001808H.jpg
NBI,003247937B1.jpg
NBI,003146905D.jpg
NBI,003138312H.jpg
NBI,003274895B.jpg
NBI,003246722E.jpg
NBI,003189602D.jpg
NBI,003096794D1.jpg
NBI,003267384A.jpg
NBI,003288022B.jpg
NBI,003134963A.jpg
NBI,003283821E.jpg
NBI,003297359E.jpg
NBI,003146905D3.jpg
NBI,003276949G0.jpg
NBI,003096202I.jpg
NBI,003109846B.jpg
NBI,003056574D.jpg
NBI,003263518A.jpg
NBI,003281502E0.jpg
NBI,003278452E.jpg
NBI,003106187H2.jpg
NBI,003099328D.jpg
NBI,003276949G.jpg
NBI,003160380C.jpg
NBI,003243079I1.jpg
NBI,003259377E.jpg
NBI,00309979B.jpg
NBI,003160927F.jpg
NBI,003069214J.jpg
NBI,003122050F.jpg
NBI,003099328DN3.jpg
NBI,003250523A.jpg
NBI,003253080G.jpg
NBI,003126207E.jpg
NBI,003249107J.jpg
NBI,003086714C.jpg
NBI,003260669C.jpg
NBI,003126643A.jpg
NBI,003237192J.jpg
NBI,003096794D.jpg
NBI,003207134E.jpg
NBI,003124691A.jpg
NBI,003245783D.jpg
NBI,003032784F.jpg
NBI,003136442I.jpg
NBI,003034421J.jpg
NBI,003056870I.jpg
NBI,003245353F.jpg
NBI,003189216H.jpg
NBI,003082632F.jpg
NBI,003249892D2.jpg
NBI,003050509A.jpg
NBI,003274906H.jpg
NBI,003086543B.jpg
NBI,003306248F.jpg
NBI,003248316C1.jpg
NBI,003082623E.jpg
NBI,003192668I.jpg
NBI,003099328DN.jpg
NBI,003287028D.jpg
NBI,003242610B.jpg
NBI,003104559H.jpg
NBI,003071833D.jpg
NBI,003287757J.jpg
NBI,003303968I.jpg
NBI,003146905D1.jpg
NBI,003295630C.jpg
NBI,003084233C.jpg
NBI,003134360J.jpg
NBI,003068385D.jpg
NBI,003303342A.jpg
NBI,003274947G.jpg
NBI,003019039H.jpg
NBI,003203684J0.jpg
NBI,003244668H.jpg
NBI,003248316C3.jpg
NBI,003198948H.jpg
NBI,003304336G.jpg
NBI,003248489C1.jpg
NBI,003261629I.jpg
NBI,003033470E0.jpg
NBI,003017326D.jpg
NBI,003011163I.jpg
NBI,003005569H.jpg
NBI,003012580F.jpg
